{
  "precision":{
    "0":1.0,
    "1":0.9892473118,
    "2":1.0,
    "3":0.9821428571,
    "4":1.0,
    "accuracy":0.9929078014,
    "macro avg":0.9942780338,
    "weighted avg":0.9929711246
  },
  "recall":{
    "0":0.9833333333,
    "1":0.9892473118,
    "2":1.0,
    "3":1.0,
    "4":1.0,
    "accuracy":0.9929078014,
    "macro avg":0.994516129,
    "weighted avg":0.9929078014
  },
  "f1-score":{
    "0":0.9915966387,
    "1":0.9892473118,
    "2":1.0,
    "3":0.990990991,
    "4":1.0,
    "accuracy":0.9929078014,
    "macro avg":0.9943669883,
    "weighted avg":0.9929088753
  },
  "support":{
    "0":60.0,
    "1":93.0,
    "2":53.0,
    "3":55.0,
    "4":21.0,
    "accuracy":0.9929078014,
    "macro avg":282.0,
    "weighted avg":282.0
  }
}